Mean of the integrated profile;Standard Deviation of the integrated profile;Excess kurtosis of the integrated profile;Skewness of the integrated profile;Mean of the DM-SNR curve;Standard Deviation of the DM-SNR curve;Excess kurtosis of the DM-SNR curve;Skewness of the DM-SNR curve;Pulsar
-1.640563632;-0.157200182;1.39400658;0.768874942;1.316361609;1.428186314;-1.193214453;-0.778742168;1
-0.721007636;2.984611616;-0.060148535;-0.516442153;2.985451935;2.232196365;-1.484369267;-0.793014325;1
0.841523381;-0.573540468;-0.605101102;-0.406732239;-0.515332825;-0.646134579;0.224096352;-0.08601312;0
-0.810171456;-1.306889422;0.631105553;0.470591085;-0.465440714;-0.268294606;-0.112322131;-0.39314115;1
0.321906072;0.464190343;-0.599658676;-0.509291358;-0.564986735;-1.031510823;2.077372505;2.854560408;0
-1.762839259;0.296165851;1.329694081;0.618836483;3.639224817;1.745079134;-1.559799148;-0.787907166;1
0.980679536;0.162733016;-0.525066305;-0.478070837;-0.563839043;-0.961771895;1.500915144;1.565770225;0
-1.982935387;-1.173511471;1.927119554;1.577345353;1.080824938;1.900913723;-1.216878663;-0.786218666;1
0.677262849;-0.17376795;-0.561088574;-0.497950427;-0.526593197;-0.757757149;0.38140542;0.103334115;0
0.821396596;1.394846125;-0.672085028;-0.540037163;-0.505609926;-0.618404796;0.209741475;-0.106059597;0
-0.177151619;0.322594298;-0.346595006;-0.418331476;-0.539152843;-0.86920939;0.56879527;0.390424171;0
-0.255061753;-0.302905325;0.094719378;-0.171568621;-0.248548621;0.471137476;-0.667093583;-0.669662677;1
0.791098211;1.009184715;-0.673944697;-0.509979088;-0.556346565;-0.890631166;1.005057868;0.799280122;0
-1.103416543;-0.766608713;0.992179011;0.598336554;-0.382698633;0.159441783;-0.384432379;-0.553756194;1
-1.601824982;-1.557016719;1.935390926;1.806523695;2.057748846;1.780110812;-1.335972409;-0.78849115;1
0.738725287;0.505362966;-0.477106465;-0.487263705;-0.445150389;-0.32902798;-0.275601908;-0.468392508;0
0.742404377;0.949019359;-0.578343672;-0.497715687;-0.013704897;0.893328953;-0.888110059;-0.732023138;0
0.753008812;0.427803853;-0.651752065;-0.486055392;-0.438026038;-0.280602982;-0.288900453;-0.487406748;0
-1.389087033;-1.039796071;1.184955673;0.748348548;-0.231419863;0.383926071;-0.695833876;-0.671886249;1
0.188809593;-0.543056681;-0.443683471;-0.420471706;-0.44040804;-0.144044278;-0.233532404;-0.467241962;0
0.845418887;0.923675198;-0.755324428;-0.530847181;-0.471677228;-0.344794364;0.020547722;-0.298968009;0
0.016108796;0.329147594;-0.39219948;-0.455943809;-0.567217155;-0.872693713;1.619597807;1.407393412;0
0.123018813;-0.111931958;-0.441328285;-0.406362045;-0.493418408;-0.530185022;-0.06305059;-0.333316816;0
0.781575861;0.354644908;-0.737172786;-0.480871988;-0.480079198;-0.367735574;-0.057906204;-0.347184549;0
0.630733185;-0.137138215;-0.763874237;-0.461626924;-0.537853569;-0.89336794;0.608451773;0.51027041;0
1.223932287;1.25718942;-0.72673533;-0.546929128;3.307217073;0.427464001;-1.582683787;-0.756247396;0
-0.243375232;-0.725233964;-0.417668035;-0.361154201;-0.514336715;-0.51438125;0.201667766;-0.177227083;0
0.137951589;0.315970264;-0.481347069;-0.453641413;-0.548594232;-0.927795848;0.935079708;0.893182507;0
1.131305795;-0.346254719;-0.655977541;-0.447425264;-0.553423199;-0.832968327;1.038812123;0.708078119;0
-0.646343758;-0.855680582;-0.080289112;-0.222159565;-0.548182795;-0.771143353;0.702281864;0.319568872;0
0.983492958;0.189100386;-0.650154548;-0.489178763;-0.533890784;-0.86647044;0.598665576;0.449028291;0
1.192768234;1.359637953;-0.671114235;-0.559493684;-0.560092804;-0.913991804;1.214297464;1.067550971;0
1.431476227;-0.006506364;-0.782212041;-0.489131004;-0.554246072;-0.986829103;1.390929369;1.694194506;0
-1.755481079;-1.953968315;2.353216607;2.821093562;0.060158814;1.099103727;-0.907363184;-0.738560049;1
0.59091245;1.501645556;-0.532691988;-0.572462478;-0.461153111;-0.197854732;-0.159460333;-0.435074837;0
0.997992899;0.760264844;-0.749412346;-0.524824152;-0.457558453;-0.180024222;-0.217371591;-0.473029564;0
0.487465106;0.259709653;-0.531836465;-0.493375904;-0.489260732;-0.44289589;0.07498948;-0.243873084;0
0.303510623;-0.182364493;-0.370110007;-0.428435566;-0.524665941;-0.712879409;0.206842272;-0.098872722;0
0.61580041;-0.030094957;-0.516403435;-0.453708154;-0.565224935;-0.959439331;1.531514619;1.581620089;0
0.603031804;0.655294876;-0.666969718;-0.534462466;-0.510308966;-0.725798898;0.160318059;-0.089797201;0
0.746732718;0.996011206;-0.530076504;-0.517848005;-0.510547166;-0.683020907;0.202731159;-0.065413738;0
0.570136415;-0.230716835;-0.452544275;-0.465330539;-0.491512806;-0.391937344;0.009190402;-0.312134959;0
0.437689187;-0.11064321;-0.640989708;-0.504260193;-0.533327766;-0.789351507;0.630473926;0.361840127;0
0.34614478;-0.380493939;-0.510252351;-0.432315022;-0.103116583;0.548042832;-0.919817264;-0.743013165;0
-1.172020744;-1.812689718;1.111757393;1.142053347;-0.255304844;0.208375619;-0.60574019;-0.629255391;1
0.751926727;0.698075554;-0.756801823;-0.504538476;-0.52176423;-0.746574117;0.2791601;-0.00569049;0
-0.177368036;-0.761824312;-0.111336474;-0.26459294;-0.234386538;0.364813219;-0.752210688;-0.696357945;1
-1.450765889;-1.790959256;2.251089134;2.610002583;0.333894132;1.025743321;-1.057407761;-0.762608792;1
0.478808424;0.704736062;-0.573619952;-0.527998063;-0.557949003;-0.903713024;1.008386833;0.813789113;0
-0.175853117;-0.404514925;-0.351740068;-0.429407989;-0.551344361;-0.789604242;0.893163134;0.544082593;0
0.869224762;1.03489071;-0.771808482;-0.528253069;-0.491729352;-0.590551095;0.077291249;-0.185151733;0
-0.69590326;-1.921960337;1.00160388;0.886440633;-0.307080902;0.360567871;-0.598118657;-0.645654224;1
-1.922338616;-1.247704102;1.982411983;1.730996005;4.161489542;1.900294934;-1.65669729;-0.77693698;1
1.119619275;1.161111955;-0.831880033;-0.531835729;-0.553466508;-0.91986747;1.054473584;0.941139092;0
-1.592519049;1.65586741;0.565670571;-0.166005019;1.471451581;1.541354821;-1.21641508;-0.784278278;1
-0.734858327;-1.000572539;0.747522196;0.33934163;0.034346576;0.948647749;-0.914766352;-0.739137801;1
-0.997805028;0.258506723;0.49990243;-0.073463451;1.987934539;1.895318368;-1.372491008;-0.791174492;1
0.395920699;0.502229976;-0.470848166;-0.472038022;0.100696154;0.920903218;-0.990285286;-0.75603206;0
0.737210368;0.35602845;-0.761968055;-0.52642853;-0.544566483;-0.94272136;0.979077378;1.03206111;0
1.43125981;-0.356335739;-0.624670522;-0.460076658;-0.482049763;-0.334999529;-0.066961706;-0.369794285;0
-1.669347098;-2.065757231;2.371023007;2.705883108;-0.074554216;0.650754025;-0.811143467;-0.706654981;1
0.373413327;-0.283731684;-0.329878026;-0.427314045;-0.542011245;-0.715863226;0.529577046;0.120587757;0
-0.86319363;-1.137810335;0.915998328;0.632563995;-0.306734429;0.198894597;-0.508120381;-0.593971863;1
0.540054446;-0.713441346;-0.647363666;-0.421560092;-0.556303256;-0.863640446;1.197498241;1.025424182;0
0.812956332;-0.267989446;-0.500764968;-0.4479838;-0.559161658;-0.90826294;1.473020845;1.460233692;0
0.859053161;0.118974082;-0.687656587;-0.523807542;-0.491686043;-0.345517688;-0.009799564;-0.343552009;0
0.878314277;-0.020532743;-0.609813972;-0.497016086;-0.500391177;-0.668448851;-0.041918754;-0.268713093;0
-0.147718902;-0.96439477;-0.465305017;-0.314636775;-0.554072836;-0.717796221;1.091329988;0.688112539;0
0.789799708;-0.036523892;-0.756659939;-0.424943382;-0.555913474;-0.844779618;0.902007622;0.577611498;0
0.308488215;-0.489275705;-0.549894875;-0.431342405;-0.533089565;-0.666527291;0.613295893;0.241392231;0
0.415614649;0.503854221;-0.562690988;-0.51633605;-0.536944077;-0.780540139;0.623170995;0.30386775;0
-1.266162156;-1.122625814;1.394924462;1.013868623;-0.290190344;0.227898487;-0.582917905;-0.626929885;1
-2.157800353;-1.598390724;2.559614191;2.682630016;1.204342559;1.470035437;-1.222262588;-0.780739142;1
0.674016593;-0.096705107;-0.417499738;-0.464050216;-0.503379506;-0.538759142;0.268235703;-0.082104834;0
0.049220603;0.446560584;-0.452509524;-0.514312286;-0.54350541;-0.842688007;0.542193137;0.294896394;0
1.004918245;0.419202402;-0.904140522;-0.482275869;-0.561673587;-0.852847314;1.255657083;0.930426258;0
0.393756528;-0.185757992;-0.429069019;-0.425539579;-0.541426572;-0.917113026;0.727348739;0.69833855;0
-0.861895128;-1.417713774;0.94064474;0.675890391;0.558906686;1.725770742;-1.111351662;-0.777217206;1
-0.328859963;-1.356572564;0.812523941;0.641561268;-0.393352677;0.028858458;-0.346559926;-0.524772754;1
-1.603989152;-1.302594819;1.90018145;1.612347235;0.603081992;1.073201364;-1.060656209;-0.758793679;1
0.011347622;0.290843064;-0.510298312;-0.496862315;-0.518451082;-0.697917424;0.273266656;-0.033413158;0
0.918351429;1.199845649;-0.498151525;-0.544508829;-0.53856817;-0.881479481;0.598544743;0.454665181;0
0.596106459;0.638345742;-0.435587305;-0.476205366;-0.397250498;0.038158258;-0.371582217;-0.546460182;0
1.303573757;-0.711831923;-0.726362622;-0.385732052;-0.542920737;-0.692639943;0.76702229;0.387622261;0
0.816635421;0.31357307;-0.54340391;-0.497989121;-0.491036406;-0.405433706;-0.005467404;-0.32161711;0
0.396786367;5.281035303;-0.557616151;-0.650328822;2.535924884;0.257633048;-1.318212283;-0.779613046;0
0.298965866;0.020881145;-0.49041014;-0.435714331;-0.492638844;-0.360825042;0.029047773;-0.310227715;0
1.221335283;0.276674212;-0.847631978;-0.492774055;-0.528498798;-0.822185472;0.438402952;0.222926471;0
1.002754074;0.138229016;-0.683796817;-0.498819151;0.420858853;1.815954538;-1.083680808;-0.777117039;0
-1.520452176;-0.640839816;1.343415696;0.800064909;0.304877019;1.104138115;-1.045342553;-0.762604222;1
0.256115292;-0.212151104;-0.430982716;-0.425159295;-0.459377436;-0.244729989;-0.218146707;-0.461506019;0
-0.547224754;-1.207627575;0.273443443;0.063454642;0.688574203;1.703880383;-1.162940616;-0.783578204;1
-0.68270182;-0.767351705;0.704756527;0.242736275;-0.468710553;-0.290403306;0.003178053;-0.314921138;1
-1.498594055;-1.404753616;1.769539998;1.564400733;1.158564815;1.662416741;-1.163428272;-0.779613923;1
0.024332644;0.214859101;-0.413861412;-0.433002755;-0.475899867;-0.529125469;-0.156085344;-0.37264744;0
0.338786601;0.516778414;-0.595636691;-0.489951637;-0.437376402;-0.311731818;-0.382554124;-0.535984525;0
0.228413911;1.403586392;-0.544635269;-0.525128983;-0.479277979;-0.340836473;-0.088076516;-0.385245838;0
-0.210047009;0.123612578;-0.20729703;-0.41156262;-0.385145598;0.001333166;-0.465964784;-0.585073387;1
0.778762439;0.479736294;-0.580907203;-0.517769236;0.859710206;2.049308203;-1.220435486;-0.792120524;0
0.809710076;0.538375626;-0.692814954;-0.523357169;-0.432785634;-0.091694309;-0.275131839;-0.497394691;0
1.19082048;-0.342654931;-0.764309892;-0.462098553;-0.5660045;-1.018282595;1.937821155;2.510013242;0
1.1631191;0.788579865;-0.758879606;-0.503747597;-0.552535362;-0.725116946;0.895641482;0.443978907;0
0.273428655;-1.564628005;-0.177650301;-0.188567428;-0.555653619;-0.955042107;1.156136415;1.229714518;0
0.347010448;0.893493207;-0.554416756;-0.510728277;-0.452209776;-0.318954763;-0.190622216;-0.430328875;0
-0.443993827;-0.621031463;0.398623611;0.079723509;-0.168708251;0.729574474;-0.756098084;-0.701256791;1
-0.990446849;-1.208448662;0.87212403;0.611838441;-0.089084427;0.836526722;-0.815539557;-0.715383169;1
0.871388932;1.131182312;-0.638638436;-0.555395508;-0.288046542;0.270077001;-0.64992917;-0.659256172;0
0.198764777;0.766003066;-0.570449385;-0.524733327;-0.544371592;-0.909271702;0.818754001;0.724592554;0
0.100944275;0.420400033;-0.549853947;-0.47517307;-0.560569205;-0.987104367;1.448324667;1.718279486;0
1.020716688;1.083533504;-0.746100672;-0.550308759;0.127006447;1.349649036;-0.955334231;-0.753039052;0
0.414316147;0.981607338;-0.495217152;-0.526361076;-0.512582695;-0.546089136;0.246803964;-0.106068661;0
0.198764777;-0.035654648;-0.524357008;-0.478997644;-0.478346833;-0.364660908;-0.054970678;-0.350062754;0
-0.025876109;0.88428627;-0.170288453;-0.464644218;-0.408424252;-0.134820018;-0.304599857;-0.498083656;1
0.827889107;-0.42986842;-0.527057457;-0.439681522;-0.567065573;-1.031893693;2.183635025;2.956672439;0
-0.742000089;-0.761029865;-0.180092237;-0.251284798;-0.534756967;-0.592978821;0.675800446;0.244903733;0
0.561263316;0.215448358;-0.539148084;-0.502145088;-0.521959121;-0.662534636;0.295052679;-0.058223416;0
-2.451261857;-1.726775863;2.954518933;3.410681641;2.550108623;0.562905507;-1.254264063;-0.768916542;1
0.746299884;0.597187165;-0.591580904;-0.514809474;-0.539239461;-0.857177535;0.670234123;0.482100391;0
0.542651451;0.035889723;-0.640122518;-0.505543961;-0.525921905;-0.574917422;0.3320242;-0.068220352;0
-0.328643546;0.049586582;-0.129340683;-0.328989576;-0.438069348;-0.195218934;-0.336656395;-0.52577698;0
0.469502492;1.22113293;-0.655523981;-0.538578749;-0.566784064;-0.971989129;1.76738208;1.89065831;0
0.972888523;0.93970883;-0.843594521;-0.532047917;-0.540690317;-0.717595889;0.606712432;0.217201908;0
-2.20995686;-1.087086786;2.379009366;2.273372791;1.538061014;1.353867941;-1.263076974;-0.783506876;1
0.768590839;0.449384436;-0.599778339;-0.515243543;-0.532223383;-0.824930668;0.544769454;0.315977216;0
0.792180296;1.711301267;-0.696794138;-0.572413869;-0.520031865;-0.534608145;0.49903829;0.068099089;0
0.12323523;0.416103064;-0.54843053;-0.509340912;-0.541210026;-0.814547864;0.691422601;0.39910617;0
-1.225042918;-0.372929796;0.880757112;0.365040002;-0.386921272;-0.087113344;-0.416408594;-0.547992713;1
-2.064308193;-0.383768607;1.563932328;0.971705617;0.916466813;1.272422058;-1.083586016;-0.768420228;1
0.578576679;1.083879315;-0.596263849;-0.531226391;-0.386834654;-0.038831682;-0.474431638;-0.58998116;0
1.064649347;0.908064521;-0.743631551;-0.503563918;-0.423106045;0.023555941;-0.287501115;-0.51026453;0
0.925493191;1.013431253;-0.676230443;-0.545226799;-0.535883004;-0.858558927;0.550134975;0.361175883;0
0.627270513;-0.074493829;-0.61699044;-0.48896179;-0.54891905;-0.848705766;0.950320087;0.698225832;0
1.046037482;1.650576796;-0.718587689;-0.564280043;-0.490300151;-0.319902056;0.067400144;-0.282163658;0
0.810359327;0.101147587;-0.572820336;-0.466067954;-0.564813499;-0.83717998;1.351400662;1.00141171;0
0.421457909;0.42875165;-0.454186962;-0.487139192;-0.537766951;-0.776862673;0.441368607;0.123862893;0
-0.057905831;0.091639705;-0.315004717;-0.430776536;-0.429450832;-0.162367995;-0.339440277;-0.523097891;0
-1.50768357;-1.983209913;1.980888032;2.296865547;-0.257795119;0.398581525;-0.632050379;-0.652695386;1
-2.281807316;-2.015527597;3.202065143;4.090450554;2.82854298;1.96344322;-1.443213982;-0.790999378;1
0.205473705;-0.12323518;-0.541379254;-0.467032553;-0.486705494;-0.17415339;0.068589467;-0.311222895;0
-0.504374181;-0.886098842;0.480362077;0.060137852;2.731487234;2.099925834;-1.446853134;-0.792156632;1
0.510188895;0.865429028;-0.65527072;-0.519045856;-0.559140003;-0.957928465;1.342894968;1.415111462;0
0.553039469;0.516149617;-0.437901772;-0.4485937;-0.551690834;-0.763434764;0.816515877;0.403968591;0
-0.129756287;-0.206980143;-0.21185475;-0.384480951;-0.270008292;0.295921633;-0.732141484;-0.69297682;1
0.523606751;-0.883047454;-0.553098082;-0.362754455;-0.527307797;-0.79624162;0.282143004;0.049875201;0
-0.28665864;-0.435076994;-0.346269884;-0.407544409;-0.571677995;-1.00165254;2.18239568;2.62156469;0
-0.213293264;0.414089836;-0.384891255;-0.482049898;-0.544003465;-0.753488124;0.783827587;0.399314821;0
1.152731082;-0.224134613;-0.668177273;-0.478636248;-0.498095793;-0.616338091;-0.000224996;-0.26142509;0
0.413017645;-0.243300396;-0.633010426;-0.444432586;-0.531205619;-0.643939418;0.430400786;0.042146952;0
0.440286192;-0.810271225;-0.589401568;-0.426700987;-0.02539836;1.017133158;-0.888643969;-0.738552017;0
-0.037346212;0.432051657;-0.338224305;-0.482814761;-0.565441481;-0.874575203;1.502778684;1.299154771;0
0.489845693;0.023928635;-0.703435332;-0.48095218;-0.512864205;-0.506083155;0.271580057;-0.115056198;0
1.160954929;-0.241164823;-0.626824488;-0.504663148;-0.531920219;-0.727135673;0.59862261;0.260701231;0
0.913373837;-0.36076881;-0.609802682;-0.469727497;-0.447380809;-0.444984668;-0.3362116;-0.492389783;0
-0.083659458;-0.7299195;-0.311474602;-0.367499523;-0.521136247;-0.563154789;0.245777459;-0.137711531;0
-0.152263659;-0.982552872;-0.406111508;-0.308579856;-0.563449261;-0.882428281;1.375333955;1.182347918;0
0.531397765;0.753701668;-0.672919003;-0.54564659;-0.494479481;-0.584514687;0.034327813;-0.2476229;0
0.848448726;0.264425785;-0.586174942;-0.486330415;-0.518212881;-0.828845159;0.258956062;0.106773123;0
1.15944001;-0.34108085;-0.711954717;-0.464329202;-0.526160106;-0.81432615;0.381878459;0.166966721;0
-2.291329666;-0.864670517;2.202973805;1.945828909;2.644305966;1.508356102;-1.341047739;-0.791870718;1
-1.23002051;-1.418556219;1.042418049;0.798942428;0.271442375;1.406226116;-0.992282841;-0.757162676;1
-0.085823629;-0.305683482;-0.273654883;-0.371868378;-0.522652067;-0.657389568;0.274849471;-0.060981717;0
0.732882027;1.308301285;-0.446719486;-0.546503053;-0.534367185;-0.622494845;0.478050773;0.049471657;0
0.732882027;-0.61628642;-0.706127688;-0.385829841;0.870429214;2.444342653;-1.171885653;-0.787463513;0
0.83135178;0.003437525;-0.632660064;-0.498580206;-0.539261116;-0.766345694;0.497580863;0.156146158;0
-1.240624945;-2.010583821;1.911439894;2.126518231;0.785521677;1.820558708;-1.125713346;-0.777228109;1
0.497853124;-0.020272222;-0.545711818;-0.420699961;-0.56894952;-0.917761445;1.66431437;1.549502544;0
-0.275621371;-0.716213056;-0.315991988;-0.335743439;-0.527957434;-0.798417017;0.321533054;0.076129864;0
1.049283737;1.173345521;-0.722887127;-0.538699026;-0.551755798;-0.86289221;1.122185208;0.975197635;0
1.025910697;1.864910351;-0.785791894;-0.544140984;-0.336206288;0.203212469;-0.553632992;-0.627879036;0
0.986739213;0.136402981;-0.570068047;-0.476937616;-0.505111871;-0.509013906;0.118143993;-0.217237552;0
0.922246936;0.137627516;-0.659818835;-0.525117574;-0.50519849;-0.394625639;0.14896271;-0.23551742;0
0.074541397;0.798247578;-0.325357724;-0.4657617;-0.536770841;-0.709861803;0.732135375;0.388483626;1
0.022168474;-0.469220875;-0.476355678;-0.385651282;-0.522630412;-0.786038853;0.485086522;0.286695436;0
0.594807957;0.46209594;-0.549049634;-0.513067735;-0.462842166;-0.311492976;-0.165923765;-0.415706711;0
1.009246585;1.603993356;-0.713144227;-0.577384929;-0.490516697;-0.448690315;-0.015077155;-0.30743187;0
0.064153379;0.514561851;-0.365978371;-0.476487788;-0.483717164;-0.51725545;-0.068338904;-0.33363225;0
0.021519222;-0.978138065;-0.438425822;-0.350173222;-0.533565966;-0.855466223;0.422695006;0.257271806;0
0.575763258;0.371495968;-0.538713058;-0.491165414;-0.524449395;-0.774143177;0.168338386;-0.062840927;0
0.052466859;0.359148904;-0.338416528;-0.467779555;-0.557169438;-0.926751075;1.320697046;1.262904566;1
-2.085300646;-0.718262547;1.954127833;1.526256934;1.274135213;1.254852345;-1.187626954;-0.777600278;1
1.160089261;-0.154969964;-0.74000846;-0.479203243;-0.538633133;-0.873951489;0.55717935;0.406752191;0
1.390140573;1.488118019;-0.636478222;-0.556239516;-0.502816488;-0.50232487;0.152743746;-0.185548612;0
1.09949249;1.08548209;-0.749812217;-0.542925535;-0.523539904;-0.796243029;0.349194279;0.113644899;0
0.877448609;0.799005689;-0.708330602;-0.541004529;-0.563730771;-0.841576112;1.46098497;1.223200389;0
0.473614415;1.938977328;-0.437465621;-0.560317045;-0.545627557;-0.901856934;0.862422106;0.735574418;0
0.443099613;0.054887175;-0.518899564;-0.453013665;-0.562561424;-0.958633644;1.33493727;1.374332606;1
-0.722306138;2.236334967;0.155340283;-0.377522899;1.495856273;1.71159196;-1.283880446;-0.788533561;1
0.944105057;0.604289849;-0.748679126;-0.521503554;-0.533197838;-0.805980901;0.621808751;0.325141445;0
1.313096107;0.58440311;-0.785000877;-0.500344857;-0.543310519;-0.941797579;0.890748845;0.953036315;0
1.070059773;0.702012382;-0.663033525;-0.528620031;-0.463556767;-0.361624794;-0.10820576;-0.359439884;0
0.75603865;-0.233881961;-0.673635967;-0.467494988;-0.517628208;-0.658724666;0.221510971;-0.098792097;0
0.923545438;0.959756874;-0.833197601;-0.518572794;-0.527849161;-0.82058757;0.407009748;0.185862444;0
0.879612779;0.836327636;-0.552582294;-0.519540675;-0.514748151;-0.658621736;0.139952387;-0.163737223;0
0.704314978;1.092692332;-0.722872817;-0.529418084;-0.531703673;-0.78479873;0.275720461;0.014647351;0
0.824210018;-0.155972205;-0.61018901;-0.435689101;-0.527914125;-0.696775053;0.497824943;0.132509698;0
0.806680237;1.159847325;-0.481711414;-0.547382186;-0.517195117;-0.671673618;0.445325248;0.091680574;0
-0.818395303;1.742897983;0.364591868;-0.282091695;1.313156733;1.931282137;-1.256977205;-0.788781746;1
0.739158121;-0.399130315;-0.494462135;-0.446443082;-0.53980248;-0.623483671;0.660180888;0.217738696;0
-0.326262958;-0.450438927;0.336885196;-0.084191923;-0.501863687;-0.511925653;0.295165482;-0.091257603;1
-2.443687261;-1.646462367;2.761021576;3.043355684;1.810735258;0.843316875;-1.192566333;-0.773661644;1
0.898657479;1.077276859;-0.596110104;-0.550419431;-0.553683054;-0.744351689;0.972755771;0.56377849;0
0.995395895;0.065308154;-0.569694453;-0.451863184;-0.571872886;-1.042123674;2.481327703;3.393230271;0
0.669688252;0.53849997;-0.620460143;-0.511057596;-0.365201746;0.131628086;-0.478753533;-0.594450204;0
0.492659115;0.142602484;-0.682335018;-0.502572737;-0.555588655;-0.971174699;1.228015423;1.395885677;0
-0.986551342;-1.59374024;1.195732959;1.033255226;-0.37219617;-0.064644626;-0.34659803;-0.507328186;1
-0.193382897;-0.205218417;0.00671709;-0.233419417;-0.404786286;-0.032976788;-0.342136;-0.521035797;1
-2.127285551;-1.675911355;2.527608757;2.650407741;1.378640129;1.491492299;-1.242530609;-0.783733907;1
-0.261554264;-0.607764856;-0.333748248;-0.376483764;-0.399892355;-0.082716178;-0.436850032;-0.571819383;0
0.658434566;0.626576262;-0.4693577;-0.53418818;-0.554939018;-0.95263762;1.307397585;1.355614256;0
9.39E-05;0.006118656;-0.43177569;-0.458463573;-0.507602146;-0.624089331;0.040204126;-0.230637692;0
0.120421809;0.754255204;-0.573364406;-0.509157547;-0.519750355;-0.748808869;0.329180854;0.039553692;0
-2.399971019;-1.288629698;2.526554082;2.638727706;2.557752683;0.387742687;-1.253312804;-0.774270939;1
-0.001637401;1.119901343;-0.338832549;-0.460930481;-0.509464438;-0.715945159;0.073254259;-0.170115721;0
-0.779656653;-0.679978658;0.393959932;0.04615593;-0.404894559;-0.086419177;-0.358155392;-0.525748078;1
-0.430575971;-1.162660449;-0.236984299;-0.185719478;-0.533695893;-0.763555306;0.558147335;0.244063893;0
0.527935092;0.06511057;-0.675592338;-0.482291643;-0.518364463;-0.638904319;0.358369109;0.003975107;0
0.859702412;-0.302169197;-0.488498907;-0.441620196;-0.56894952;-0.973612851;1.860575626;2.026939656;0
-1.360519984;2.096534872;0.460709709;-0.252064013;0.006520464;0.527576743;-0.899435898;-0.725320395;1
1.062052343;0.975835498;-0.743064169;-0.543916124;-0.571028358;-0.919437511;1.739360986;1.599262674;0
0.370167071;0.637670932;-0.633563682;-0.527722953;-0.297228077;0.203937567;-0.652365468;-0.6619042;0
-1.853517998;-0.896842825;1.312358672;0.738597059;0.832187257;1.476842274;-1.17148863;-0.779198866;1
0.08233241;0.377934976;-0.275938471;-0.408667667;-0.551993998;-0.829634197;0.834730699;0.526710637;1
-0.24943491;-0.490762961;-0.328172368;-0.336606178;-0.511261767;-0.47857216;0.247529271;-0.14227019;0
0.292689771;0.160114113;-0.497082015;-0.446875901;-0.406367069;0.003602304;-0.368070901;-0.543369583;0
0.253518287;0.010376656;-0.620920723;-0.478260925;-0.534713658;-0.48875297;0.610629533;0.11911365;0
0.01437746;0.081832048;-0.425875895;-0.465953926;-0.528975199;-0.695870952;0.435738743;0.081186218;0
1.139313225;-0.222639743;-0.601969953;-0.443608197;-0.536770841;-0.743486691;0.780191293;0.455997365;0
0.643501791;0.282648426;-0.570974933;-0.494677323;-0.536121204;-0.890857228;0.639410439;0.52738687;0
-0.814716214;-0.921152293;0.464042279;0.252017603;-0.305954865;0.229854864;-0.593133813;-0.636859473;1
-0.031286535;-0.953629356;-0.375049737;-0.334057382;-0.541686427;-0.915502893;0.766328569;0.723379932;0
1.181298131;2.177518279;-0.775795615;-0.577292592;4.573597512;1.195281468;-1.831720906;-0.744912751;0
0.58506919;0.405617689;-0.587067493;-0.491032903;-0.530794182;-0.829686878;0.568065065;0.348011501;0
0.139033674;0.605671705;-0.339793609;-0.451964197;-0.468407389;-0.314625386;-0.083169102;-0.364123446;1
-0.825320649;-1.250323287;1.128268609;0.771798232;-0.226764132;0.499508693;-0.65506769;-0.662480425;1
0.631166019;0.909399166;-0.641199849;-0.525963958;-0.536424368;-0.904623787;0.597744744;0.552610999;0
0.290742018;-0.476785899;-0.595189364;-0.405284259;-0.501040814;-0.464659191;0.045865776;-0.288745202;0
0.535509688;1.654212565;-0.446893759;-0.536146594;0.772897067;1.477182039;-1.181120661;-0.781708267;1
1.149701243;-0.170813231;-0.897248486;-0.462607438;-0.553055072;-0.7861295;0.899194994;0.510885082;0
0.044892263;-0.499777136;-0.33893249;-0.362212892;-0.502578288;-0.519279783;0.150510654;-0.19667046;0
-0.248785658;0.462683218;-0.038973863;-0.37310411;2.956651369;2.531953946;-1.476023318;-0.794522781;1
0.015026711;0.684806738;-0.515525915;-0.535360215;-0.548962359;-0.826122383;0.986940011;0.724018553;0
0.541569365;0.578013003;-0.470562233;-0.48801989;-0.525402196;-0.752104472;0.271557098;-0.018185239;0
-0.297479492;0.119615598;0.213459962;-0.20921905;-0.546666976;-0.823164491;1.173394576;0.906321735;1
0.972455689;0.277757127;-0.59995983;-0.469473464;-0.531725328;-0.875169197;0.535691056;0.404547653;0
-2.433299243;-1.73407455;3.615686611;4.740393678;3.551242332;1.245139379;-1.49305854;-0.784826345;1
-0.864059298;3.371008643;-0.103192687;-0.546463211;3.015811631;2.333215442;-1.452455746;-0.795291985;1
-0.175853117;0.038040937;-0.402567815;-0.410350087;-0.370009059;0.169609567;-0.472165578;-0.596816519;0
0.538755944;0.704679727;-0.722468339;-0.519573861;-0.529235053;-0.85416535;0.415440332;0.25477372;0
-0.548956091;-0.665519142;-0.287379258;-0.303627879;-0.398679699;0.02855913;-0.398898901;-0.557356215;0
-0.767753716;-1.352807794;0.534673728;0.32355681;-0.249523076;0.693987965;-0.652360618;-0.672673471;1
1.82513882;1.673046027;-1.071423113;-0.52166044;3.638358633;1.05889799;-1.655230466;-0.767177292;0
0.368652152;0.768171525;-0.393305713;-0.507799816;-0.542076209;-0.766589044;0.829565187;0.513691321;0
0.088608504;-0.051771314;-0.407708293;-0.464258975;-0.534150639;-0.830980961;0.560837437;0.312507973;0
0.80429965;0.990858784;-0.785207778;-0.504239096;-0.492119134;-0.425712495;0.037395176;-0.276348601;0
-1.636884542;-1.406524167;1.381571802;1.059710884;2.838915516;0.445916858;-1.327033655;-0.773855353;1
0.389428188;0.314238508;-0.652149706;-0.484813361;-0.552015653;-0.881032999;1.184464583;1.074746091;0
0.309786717;1.104979798;-0.59348495;-0.540201014;-0.281680101;0.207237564;-0.725158055;-0.687580706;0
1.297730497;0.623314396;-0.741244792;-0.50546722;-0.543960156;-0.920410758;0.804439245;0.759223014;0
0.66038232;0.916648528;-0.636027186;-0.548600188;-0.512019677;-0.712091027;0.201768962;-0.072432564;0
-1.398176549;-1.77405106;1.393843126;1.362131148;-0.122540725;0.580796427;-0.78593619;-0.701710021;1
-0.597433507;-1.106829166;0.421990716;0.160252035;-0.064593117;0.955164301;-0.850494303;-0.728417239;1
0.721844758;0.150765253;-0.535472057;-0.509388895;-0.559031731;-0.885232761;1.020407515;0.767158059;0
1.202507001;1.466512686;-0.601950839;-0.573928952;-0.415808458;-0.063587063;-0.36309939;-0.540103067;0
0.555420056;1.251779393;-0.611371467;-0.535186648;-0.48464831;-0.496146164;-0.034236419;-0.312565892;0
-1.963457853;-0.77887748;1.998862845;1.572517199;2.073036967;1.680525701;-1.363496932;-0.788195095;1
-0.503292096;-0.874798699;-0.227196418;-0.274851171;-0.542119518;-0.906291238;0.950151571;0.898747399;0
-0.405255177;-0.718024423;0.170946439;-0.099106491;-0.040058498;1.011756661;-0.843156721;-0.726033208;1
0.250055615;1.671525059;-0.548449988;-0.569318632;-0.376158955;0.174690998;-0.447438621;-0.587115735;0
0.165436553;-0.050915793;-0.525721059;-0.481910295;-0.532937983;-0.833011819;0.652480497;0.439721219;0
1.558080194;0.350044013;-0.785060867;-0.490288038;-0.373322207;0.04687877;-0.441576135;-0.572252142;0
-2.070584287;-1.707064752;2.518413831;2.659024981;0.754642271;1.194613481;-1.137764252;-0.772245714;1
0.93653046;0.59591767;-0.709199771;-0.507741392;-0.531205619;-0.871316821;0.486600989;0.354414842;0
0.618180997;0.133260932;-0.573357807;-0.500261534;-0.529863036;-0.670400406;0.572429654;0.20986257;0
0.447211537;-0.756715137;-0.453783419;-0.388790178;-0.523756449;-0.793003087;0.362991234;0.142280206;0
-1.316154491;-1.588166792;1.105400215;0.994617906;-0.344218476;0.173105866;-0.524080559;-0.613044106;1
0.48421885;0.574609436;-0.56371782;-0.514880988;0.546217112;1.833540487;-1.13767538;-0.783969199;0
0.577927428;0.717252818;-0.647210004;-0.532744844;-0.493548335;-0.359535493;0.011930771;-0.326222054;0
-0.147502485;-0.374808371;-0.416366458;-0.392945893;-0.556411529;-0.930472195;1.204137098;1.147143019;0
1.314178192;1.829502663;-0.823767772;-0.548042587;-0.324296279;0.302934159;-0.554100101;-0.629643696;0
-1.667832179;-1.933397954;2.461403634;2.940259901;-0.109569642;0.41836453;-0.799159594;-0.693549382;1
-0.319337613;-0.351057256;-0.226626077;-0.319582785;-0.533630929;-0.674947284;0.60953645;0.235527923;0
1.669534969;0.054684329;-0.949341005;-0.390607306;-0.53733386;-0.861094232;0.674030667;0.470910489;0
0.34830895;0.282994629;-0.211047285;-0.40369079;-0.513037441;-0.522981058;0.432931924;0.01757939;0
0.294853942;-1.009347717;-0.537336356;-0.388488342;-0.553120035;-0.953807227;1.183105142;1.235516248;0
0.037317666;0.467194901;-0.354108723;-0.441952439;-0.54004068;-0.880959321;0.90021479;0.776818964;0
-1.017066144;-1.707011853;0.844670238;0.770654603;-0.377328301;0.163869739;-0.398550854;-0.561458214;1
1.365685447;1.189909008;-0.872812229;-0.535762326;-0.507082437;-0.442947161;0.220213084;-0.167094116;0
0.536808191;1.37665968;-0.605915791;-0.553750638;-0.561218841;-0.861991718;1.296429606;1.070812744;0
0.857971076;0.438424116;-0.664745904;-0.467034432;-0.20363706;0.616052055;-0.749437376;-0.699506138;0
0.201145364;0.097152337;-0.360261831;-0.433060204;-0.028993017;0.697267127;-0.9031716;-0.735613863;1
0.13860084;-0.075719975;-0.368608526;-0.426762813;-0.548659195;-0.909455036;0.801828907;0.694512449;0
0.494174034;-0.360405989;-0.346301843;-0.364888022;-0.567217155;-0.910265723;1.464686996;1.256381094;0
0.572733419;-0.403807418;-0.54841671;-0.45348662;-0.508100201;-0.602522256;0.145342038;-0.173538681;0
0.546979791;-0.779702984;-0.43535046;-0.367970176;-0.572111086;-0.927924847;1.980175807;2.035220323;0
0.460412976;0.814968425;-0.376391935;-0.49144655;-0.518212881;-0.827074777;0.199083742;0.05890935;0
0.386181932;1.730844188;-0.596809603;-0.573948605;-0.520854738;-0.662539719;0.482012888;0.141624455;0
0.450024958;1.326939289;-0.495394925;-0.541570185;-0.470702772;-0.47023798;-0.285474445;-0.472815321;0
1.511550531;0.058951739;-0.764287411;-0.482400923;-0.498637157;-0.525311795;0.00769527;-0.303802053;0
-2.1850689;-2.010417129;3.147203686;3.95810229;1.262441749;0.880715836;-1.084721027;-0.761219177;1
0.598919881;0.93972785;-0.529235549;-0.525187511;-0.558122239;-0.815834231;1.066745577;0.708564164;0
0.934582707;0.994400476;-0.617430515;-0.553174358;-0.548724159;-0.819764526;0.820337634;0.48982479;0
0.321689655;1.102793827;-0.638506643;-0.549258591;-0.490884824;-0.440597367;0.120826468;-0.214316606;0
0.447427954;0.059793796;-0.494279559;-0.454978021;-0.543895192;-0.909497549;0.901869844;0.845125826;0
-0.424516294;-1.275682732;-0.267140184;-0.135825566;-0.525142341;-0.716619464;0.254611956;-0.065353965;0
0.031041572;0.007046278;-0.443030053;-0.485139809;-0.467476243;-0.421572364;-0.295468801;-0.491906388;0
-0.792208842;-1.464427953;0.749565695;0.669166104;-0.434929436;-0.055685614;-0.246838586;-0.485367405;1
0.505211303;1.037425742;-0.596223253;-0.53342676;-0.557061166;-0.743436955;1.163785871;0.767704792;0
1.199044328;-0.540549615;-0.773429058;-0.451631092;-0.439780058;-0.291373325;-0.362839822;-0.531511697;0
-1.865637352;-0.080359616;1.434257612;0.736233041;1.253693306;1.586664161;-1.253281051;-0.785054924;1
-1.418952585;-1.99253084;1.67059248;1.910871992;0.301065816;1.391960845;-1.009742733;-0.759845799;1
0.463875649;0.503687461;-0.660487547;-0.538166634;-0.58499555;-1.100680806;4.150478404;6.753798877;0
0.38336851;0.494749193;-0.520214951;-0.512849265;-0.557667493;-0.868481485;1.098256693;0.842015756;0
-1.39514671;-2.054709156;1.98857439;2.111095674;-0.089604136;0.82544713;-0.778816516;-0.703267787;1
-0.164599431;0.827989641;-0.227301117;-0.433303018;-0.550239978;-0.826964172;0.766065474;0.453527584;0
0.472965164;0.038157781;-0.562387557;-0.481426659;-0.533717548;-0.703811338;0.448283673;0.085816657;0
0.271048068;0.499367727;-0.629487811;-0.492202745;-0.570746849;-0.96170176;1.846948709;1.935104588;0
-1.777988451;2.423858831;0.563170077;-0.189002699;1.41937236;1.345892402;-1.19775165;-0.780735671;1
0.581173684;0.263196644;-0.588923785;-0.463269631;-0.524600977;-0.740656271;0.545899208;0.243355146;0
1.422819546;0.292283217;-0.80913217;-0.505523195;-0.540257225;-0.895046672;0.743567627;0.624155819;0
-1.346669294;-0.412697837;1.012716809;0.397282574;-0.016693226;0.822124312;-0.879012131;-0.728570549;1
0.013728209;0.264223059;-0.422174093;-0.467720406;-0.532678129;-0.89277734;0.502148285;0.439701857;0
-1.283475519;2.279081762;0.398632173;-0.282168911;3.627769554;1.340851932;-1.569634949;-0.783971296;1
-0.721873304;-0.312775194;0.316834278;-0.017353507;-0.18930174;0.597729018;-0.69463949;-0.675707842;1
1.494886419;1.620170207;-1.117604258;-0.49637527;2.509398045;0.761797144;-1.570509703;-0.775209215;0
-1.310311231;-0.169449238;1.099412693;0.47162387;-0.270657929;0.278680116;-0.624173112;-0.646671554;1
-0.039077548;0.211015895;-0.133659741;-0.388623502;3.573828038;0.654030443;-1.622008395;-0.772172264;0
0.02022072;-0.857571505;-0.437594022;-0.362321156;-0.547403231;-0.934310369;1.005092808;0.985625376;0
0.658650983;0.341293415;-0.592737592;-0.512457399;-0.579257092;-1.080343071;3.425644461;5.269714646;0
0.759068489;0.614057178;-0.517981531;-0.526838237;0.576230335;1.689770742;-1.14324716;-0.782818508;0
-2.412306791;-1.715480343;2.920360493;3.317311753;2.378886002;0.606804636;-1.238340693;-0.769861076;1
0.230794498;-0.200994059;-0.431604113;-0.438556051;1.130283958;2.262242045;-1.265845337;-0.794889141;0
0.515166487;0.655613011;-0.51501122;-0.515797398;-0.515592679;-0.672846069;0.424805572;0.096682103;0
-1.587757875;-0.805772581;1.453824291;0.923375635;0.231792872;1.119697652;-0.978829279;-0.750101582;1
0.635710777;0.243289051;-0.529632737;-0.495520289;-0.57934371;-0.96307549;2.735064895;3.145260811;0
0.345928363;0.628174728;-0.422001443;-0.485990704;-0.499395067;-0.462429652;0.164869002;-0.178949005;0
1.155977337;-0.069241552;-0.747191207;-0.450022157;-0.543700301;-0.951612381;1.016074435;1.117739853;0
0.75971774;1.093324194;-0.608908349;-0.562515138;-0.332308467;0.081197898;-0.638374469;-0.656146782;0
0.205257288;-0.473462184;-0.574043547;-0.433912931;-0.521136247;-0.75197655;0.291309374;0.020032981;1
-1.292781451;-1.163266511;1.013183596;0.615146567;-0.417605786;-0.111822169;-0.308184843;-0.499578419;1
-2.209091192;-1.345659976;2.4442763;2.401918475;0.382725169;1.082243234;-1.067202874;-0.763692779;1
0.668606167;0.831178878;-0.699141691;-0.535619074;-0.110046043;0.698660845;-0.874347301;-0.734009213;0
0.226249741;-0.225897745;-0.459305126;-0.415104503;-0.552578671;-0.797279045;0.978438287;0.62783861;0
0.904933573;0.982443916;-0.573515348;-0.544400128;-0.563059479;-0.823590626;1.297231701;0.936267626;1
0.571434917;1.115014123;-0.506905525;-0.563143402;-0.342226256;0.145709976;-0.574108584;-0.634733246;0
-2.061927605;-1.986532621;2.752356971;3.253955807;1.373767852;1.86058277;-1.227077954;-0.784907776;1
0.880478448;0.626133038;-0.645684972;-0.488948523;-0.565831263;-1.013874698;1.815524071;2.332594084;0
-2.262762617;-1.264758473;2.052383649;1.73313828;2.651755135;0.847837818;-1.346876259;-0.778561558;1
-2.009987516;-0.64924626;1.854927954;1.358548583;3.553732605;2.093105919;-1.42934231;-0.794683655;1
0.561263316;-0.549153483;-0.589712039;-0.406862756;-0.545584248;-0.788897854;0.676574466;0.338232381;0
0.809060825;0.577259875;-0.678695264;-0.517242785;-0.46931688;-0.214120787;-0.046426308;-0.358333798;0
0.9205156;0.526530937;-0.725285961;-0.541197365;-0.536727532;-0.681384923;0.5722851;0.186862224;0
0.822262264;2.788987085;-0.751522383;-0.591105133;2.470311561;2.385543212;-1.44914197;-0.795240713;0
1.096462652;-0.072773601;-0.691360487;-0.485204989;-0.553531472;-0.957382081;1.156324849;1.24991365;0
0.220839315;1.260837244;-0.588223358;-0.549556083;-0.505263453;-0.480352161;0.436822971;0.019913864;0
-0.355262841;-0.620086307;-0.240886497;-0.345447684;-0.538979606;-0.826587882;0.411062137;0.172371297;0
0.14227993;-0.360443447;-0.636277172;-0.45294288;-0.559703022;-0.943153688;1.267736671;1.262347967;0
-0.173039695;0.241856371;0.122990146;-0.224572486;-0.515635988;-0.720575756;0.290984695;-0.006376341;1
0.866194923;0.226151622;-0.652224377;-0.525198694;-0.526506579;-0.614897009;0.415828461;0.033135571;1
1.05491058;1.965722393;-0.846908048;-0.564334512;3.775951721;1.903858997;-1.619064738;-0.780257422;0
0.423189246;-0.416389439;-0.486968214;-0.386195118;-0.578390909;-1.004882836;2.632451721;3.198354276;0
0.754740148;1.407847607;-0.654552594;-0.554651084;-0.360719252;0.104168526;-0.546966007;-0.627445491;0
-2.338941415;-2.034470468;3.468474974;4.603988779;1.796529866;1.376053084;-1.279822993;-0.782480731;1
-1.490586624;-1.274202053;1.31010475;1.217476267;1.450814784;1.555212677;-1.258635339;-0.785183272;1
1.257909762;0.398903137;-0.690046501;-0.517943012;-0.549070632;-0.950975825;1.060511572;1.130617338;0
0.030392321;1.102484728;-0.467810534;-0.510216157;-0.567130537;-0.873971683;1.480256435;1.202488978;0
0.839792044;2.531633627;-0.558418362;-0.578185094;0.311936406;1.283399717;-1.052039281;-0.766484759;0
-0.079547534;-0.201219381;-0.373112304;-0.440159605;-0.503834252;-0.510721524;0.050409379;-0.269560826;0
0.213913969;0.264258104;-0.406721052;-0.435661498;0.524605859;1.667920901;-1.111712994;-0.777878246;1
0.808844408;0.269358401;-0.574840554;-0.480219423;-0.521179556;-0.681884167;0.186497066;-0.127021256;0
-0.225196201;-0.935731759;-0.331376672;-0.317591634;-0.517866408;-0.686429292;0.245455267;-0.074631366;0
-1.81607785;-0.825924524;1.693127354;1.195340178;1.45074982;1.103030124;-1.228256897;-0.776811035;1
-1.489288122;-1.668065929;1.81769481;1.860565072;-0.135273608;0.576563704;-0.753973193;-0.689681635;1
1.338200484;0.374997444;-0.811468645;-0.52371187;-0.483803782;-0.582213623;0.070411065;-0.179563494;0
0.93436629;0.327847284;-0.720858647;-0.518421173;-0.559529786;-0.815400649;1.154904339;0.820140558;0
0.845418887;0.668101927;-0.676731661;-0.538506053;-0.560634168;-0.97138042;1.443734406;1.594422487;0
1.44662542;1.443719366;-0.828231122;-0.559788073;-0.563102788;-0.952710253;1.289444131;1.283168736;0
0.289443516;0.78061051;-0.357019286;-0.475960402;-0.467649479;-0.488486042;-0.222544209;-0.417700599;0
1.123731199;0.750443781;-0.643389635;-0.52014432;-0.472478446;-0.295373819;-0.122990905;-0.405148366;0
-1.045849611;0.627769142;0.718179857;0.032486847;0.16912457;1.17866725;-0.990740565;-0.756577839;1
-1.728645366;-1.051074585;1.945076846;1.661239282;0.885479134;1.444562207;-1.121825209;-0.772525087;1
1.305521511;1.068964786;-0.701113424;-0.536710296;-0.531487128;-0.844529455;0.407666122;0.225179338;0
-0.965558889;-1.339286523;0.759463023;0.533020981;-0.350390026;0.204884133;-0.455784528;-0.582585039;1
0.504994886;0.169008414;-0.505997335;-0.485808337;-0.533717548;-0.794041608;0.566700722;0.295641021;0
0.594158706;-0.300481728;-0.593489991;-0.440698768;-0.552968453;-0.790156883;0.9873176;0.655777685;0
-2.273799886;-1.951576063;3.021002104;3.639500773;3.499293036;1.934465698;-1.516284232;-0.788865306;1
0.452405546;-0.150323094;-0.443111348;-0.445581251;-0.531508782;-0.841761867;0.442578051;0.249623469;0
-0.052711822;0.924566488;-0.460840481;-0.520207134;-0.542487645;-0.636148503;0.674311215;0.215713133;0
-0.015055257;-0.194395521;-0.157480569;-0.320597455;-0.440559622;-0.264255307;-0.169309076;-0.414501625;1
0.589830365;0.043802076;-0.63743862;-0.490094809;-0.513773696;-0.557616238;0.346546114;-0.024173325;0
0.283600256;0.460478065;-0.262102689;-0.458679584;1.315473772;2.460345584;-1.260999203;-0.793134192;1
0.481189012;0.721353031;-0.678550946;-0.546916036;-0.48887095;-0.432806937;-0.020763145;-0.318359008;0
0.779628108;0.608910284;-0.757469165;-0.533067666;-0.510287312;-0.53487087;0.095962395;-0.247097448;0
1.07611945;1.831662687;-0.630196693;-0.563968697;-0.469533426;-0.205512966;0.037567654;-0.305777299;0
-1.641645717;-1.067553688;1.578199969;1.244406746;1.001352696;1.719633554;-1.189383462;-0.782163094;1
0.611255652;0.558791801;-0.56969826;-0.525028037;-0.545497629;-0.84928956;0.736149265;0.480133462;0
0.471666662;1.026259257;-0.414155905;-0.497442406;-0.514878079;-0.490514273;0.252815048;-0.149251982;0
0.803217565;-0.447135022;-0.488309122;-0.458327951;-0.542704191;-0.684934798;0.841081257;0.462744738;0
-2.102830426;-2.127501575;3.062034489;3.906397615;0.176703667;0.878746418;-0.9357352;-0.735979954;1
-0.810820707;0.191880331;0.495538293;-0.042985377;3.107973449;2.238920443;-1.490677011;-0.791123596;1
0.458248806;1.351639578;-0.573026685;-0.542017056;-0.515592679;-0.619857511;0.0812868;-0.236660053;0
0.591345284;-0.356613408;-0.517005459;-0.425057817;-0.541578154;-0.864194623;0.799646157;0.591006897;0
0.108735289;-0.143522958;-0.329670089;-0.391234003;-0.542357718;-0.774263969;0.500182365;0.148963528;0
0.704314978;-0.380934855;-0.70387202;-0.458731314;-0.535991277;-0.805499108;0.52406127;0.254712426;0
2.606837162;1.856507608;-1.526398519;-0.366677831;1.884902133;2.64588762;-1.37656697;-0.79858615;0
-1.829279289;-1.693314897;1.976374518;1.984540059;0.854643038;1.223676336;-1.161679922;-0.773894759;1
0.109168123;0.400510398;-0.401485229;-0.423952763;-0.459225855;-0.144838476;-0.159551713;-0.440768871;1
-2.254971604;-2.026166949;3.102034348;3.870286081;0.684070054;1.091363373;-1.103427641;-0.766086753;1
0.640904786;1.026567509;-0.642503501;-0.535192119;1.396418524;1.977452059;-1.35858478;-0.798209522;0
0.197249858;-0.381971438;-0.374009148;-0.407890308;-0.504375616;-0.567372571;0.152887896;-0.165258044;0
-2.196106169;-2.153269156;3.229128781;4.253771512;2.760287801;1.808215018;-1.434537434;-0.78897257;1
-0.724037475;1.068622062;0.249693343;-0.333263363;3.027591713;1.082109337;-1.568124474;-0.77290232;0
1.31071552;0.619237783;-0.704462796;-0.518479644;-0.429494141;-0.118113341;-0.326813921;-0.521245971;0
0.72682235;0.328895209;-0.593681006;-0.482590665;-0.561825169;-0.94476028;1.399101232;1.394688981;0
-0.081928122;0.064621726;-0.343277042;-0.4496008;-0.546861867;-0.927263907;0.928500478;0.88366645;0
-0.501560759;-1.131788892;-0.172350143;-0.202500188;-0.539369388;-0.784765554;0.437374263;0.123411361;0
-0.453732594;3.943215544;-0.071684641;-0.554918502;3.829525106;1.618897497;-1.587912383;-0.781894906;1
1.019634603;0.466492174;-0.65011219;-0.529375042;-0.528325562;-0.60150182;0.445335919;0.044688093;0
-1.118782152;0.594295119;0.716791687;0.085795578;0.132485051;0.893301915;-0.950542986;-0.743977521;1
0.645449544;0.101048053;-0.360595055;-0.487910581;-0.535211712;-0.710543336;0.542161753;0.182344836;0
-0.255494587;-0.375023982;-0.436771537;-0.414261683;-0.527957434;-0.600608928;0.532186132;0.132741705;0
0.275809242;0.58385559;-0.612484492;-0.532261839;0.092207566;0.889871623;-0.997411192;-0.756712188;0
0.448726456;-0.147781495;-0.563695279;-0.483227389;-0.481226889;-0.316201997;0.078000517;-0.261842184;0
0.556069307;0.062304887;-0.774824633;-0.462519172;-0.518840864;-0.760784823;0.310672154;0.050633223;0
0.699986638;-0.133508169;-0.596901102;-0.481650905;-0.553163344;-0.91144125;1.032234894;0.914087663;0
-0.3699792;-0.599018639;-0.284716178;-0.36755961;0.057538612;1.039678003;-0.941834782;-0.747765486;0
-1.095841946;-1.152065099;1.035593676;0.824786856;0.391516922;1.536571721;-1.037178382;-0.765842139;1
-1.234565268;-1.149458729;1.003395041;0.662587504;0.132485051;1.295949906;-0.943803547;-0.748583127;1
-2.183337564;-1.474661607;2.556008395;2.595817904;1.965608686;1.496239149;-1.26631709;-0.784847136;1
-0.002503069;-0.200311674;-0.440902171;-0.37781557;-0.502816488;-0.706580662;-0.009623643;-0.215141959;0
-0.988499095;0.399818569;0.681577569;0.035404246;1.829661345;2.302317903;-1.310727688;-0.792536618;1
0.671852423;0.286723855;-0.714431128;-0.536684955;-0.326591662;0.304905021;-0.522626451;-0.615812661;0
0.677262849;1.346103931;-0.566306909;-0.555769591;-0.546277194;-0.741591248;0.702805818;0.30139478;0
-1.568929592;-2.093245851;2.109493811;2.433780476;0.513323833;1.478683354;-1.052408611;-0.764859716;1
0.402196793;-0.160049453;-0.465800878;-0.459268348;-0.520031865;-0.646327119;0.288172687;-0.062546454;0
-0.07110727;-0.471927175;-0.158422046;-0.305166223;-0.462127566;-0.263262773;-0.191672456;-0.447330165;1
-0.034749208;0.30474114;-0.421892615;-0.471668731;-0.547966249;-0.786314943;1.101017444;0.802093855;0
-1.52521335;-0.675806325;1.281467774;0.775367114;0.143420605;0.923867776;-0.974687494;-0.748554293;1
0.607360145;0.648107061;-0.671650636;-0.528782353;-0.522673721;-0.807292906;0.394817471;0.160184211;0
-0.561724696;-0.679389925;0.137077415;-0.090677189;-0.378519302;0.193034508;-0.424983794;-0.578689241;1
-0.704559941;-0.383857736;0.268013335;-0.127082852;-0.497337884;-0.398850948;0.07629891;-0.268861196;1
-0.392702989;-0.808529839;-0.460526367;-0.308168877;-0.56230157;-1.012473638;1.715561455;2.248737618;0
0.875068022;2.887690501;-0.681733636;-0.603770449;0.906354132;1.24243789;-1.21817324;-0.78135595;0
0.358047717;1.022246776;-0.618955969;-0.539160806;-0.441902205;-0.180421139;-0.246009294;-0.47312009;0
0.548711128;-0.552148682;-0.573987389;-0.432843531;0.25195327;1.366519467;-1.039425642;-0.768109184;0
-1.131117924;-0.609658859;0.847676483;0.353384525;0.599205825;1.744829953;-1.07385958;-0.77074636;1
-0.368247864;1.439684161;-0.146883755;-0.46609229;0.087118744;1.421232082;-0.91197547;-0.744647497;1
1.024828612;0.664826383;-0.505738405;-0.507223225;-0.57488287;-1.022711201;2.377002503;2.999867155;0
0.243346687;1.484780161;-0.542336249;-0.55175469;-0.524687595;-0.630033865;0.447450149;0.07011235;0
-0.118719018;-0.679174216;-0.280091289;-0.343680376;-0.516762026;-0.754437715;0.186926136;-0.06006897;0
0.636576445;1.285453398;-0.587274785;-0.543770279;-0.505999708;-0.567332368;0.230733893;-0.093725225;0
-0.005965741;-0.058638215;-0.504502993;-0.439084076;-0.514380024;-0.710015675;0.106001807;-0.156645428;0
-1.946360907;-1.314945575;2.199437217;2.022188245;1.726282467;1.807642017;-1.305599739;-0.788427856;1
0.568405078;0.493715262;-0.664988642;-0.512666281;-0.484864856;-0.44206391;-0.005139407;-0.295536212;0
-1.232833932;-0.489911092;1.130505667;0.693869775;-0.357297831;0.083230649;-0.492127722;-0.594719171;1
0.063287711;1.134565401;-0.405994621;-0.508990736;-0.536034586;-0.850373634;0.532658087;0.337602476;0
-1.951122082;-0.806508769;1.871526644;1.473881769;1.620868059;1.034206404;-1.230976713;-0.77587193;1
0.566890159;-0.613923288;-0.550616462;-0.436800255;-0.525856942;-0.825472267;0.424686765;0.21015213;0
-2.018427781;-1.624913921;2.396993431;2.475783367;0.627681574;1.2476869;-1.111325926;-0.769564626;1
0.657352481;3.095957432;-0.580660137;-0.623004009;4.522904181;-0.212877295;-1.850038302;-0.703179504;0
0.864680004;-0.32549978;-0.464122234;-0.460669017;-0.528282253;-0.627976261;0.415957908;0.023562695;0
0.835896538;0.115665039;-0.546130534;-0.483781336;-0.119617359;0.791380677;-0.840066981;-0.726450068;1
0.40457738;0.387403701;-0.194528028;-0.410716258;0.506719191;1.62820132;-1.100791131;-0.775538708;1
0.894545555;0.086437003;-0.560786466;-0.47511535;-0.539650898;-0.639296445;0.641093599;0.201019512;0
-0.807358034;-0.762747634;0.575882054;0.337164186;-0.377220028;-0.003124803;-0.414678665;-0.558761856;1
-1.558325157;-1.725952833;2.029572183;1.928724091;0.002644298;0.707291644;-0.865678138;-0.720894979;1
-0.750873187;-1.153521742;-0.055562848;-0.095818387;-0.533392729;-0.598690638;0.510753897;0.079062721;1